SOURCE,INDEX_COL,ID,NAME,URL
Album,0,4yP0hdKOZPNshxUOjY0cZj,After Hours,https://open.spotify.com/album/4yP0hdKOZPNshxUOjY0cZj
Album,1,3T4tUhGYeRNVUGevb0wThu,÷ (Deluxe),https://open.spotify.com/album/3T4tUhGYeRNVUGevb0wThu
Album,2,5658aM19fA3JVwTK6eQX70,Divinely Uninspired To A Hellish Extent,https://open.spotify.com/album/5658aM19fA3JVwTK6eQX70
Album,3,09fggMHib4YkOtwQNXEBII,Starboy,https://open.spotify.com/album/09fggMHib4YkOtwQNXEBII
Album,4,5r36AJ6VOJtp00oxSkBZ5h,Harry's House,https://open.spotify.com/album/5r36AJ6VOJtp00oxSkBZ5h
Album,5,35s58BRTGAEWztPo9WqCIs,Spider-Man: Into the Spider-Verse (Soundtrack From & Inspired by the Motion Picture),https://open.spotify.com/album/35s58BRTGAEWztPo9WqCIs
Album,6,4xkM0BwLM9H2IUcbYzpcBI,I Love You.,https://open.spotify.com/album/4xkM0BwLM9H2IUcbYzpcBI
Album,7,3hARKC8cinq3mZLLAEaBh9,Views,https://open.spotify.com/album/3hARKC8cinq3mZLLAEaBh9
Album,8,4bZJWQhHKJckFLJuYdvyX2,F*CK LOVE 3: OVER YOU,https://open.spotify.com/album/4bZJWQhHKJckFLJuYdvyX2
Album,9,5GlPAy2PRJW06GVFhKwGTl,Evolve,https://open.spotify.com/album/5GlPAy2PRJW06GVFhKwGTl
Album,11,69K1zrf6TkXHdYUO8n2qVi,Heat Waves,https://open.spotify.com/album/69K1zrf6TkXHdYUO8n2qVi
Album,12,2sBB17RXTamvj7Ncps15AK,lovely (with Khalid),https://open.spotify.com/album/2sBB17RXTamvj7Ncps15AK
Album,13,0UywfDKYlyiu1b38DRrzYD,Dance Monkey (Stripped Back) / Dance Monkey,https://open.spotify.com/album/0UywfDKYlyiu1b38DRrzYD
Album,14,0U7GBnXMV4cgOq1B9I4oYX,Training Arc,https://open.spotify.com/album/0U7GBnXMV4cgOq1B9I4oYX
Album,15,0rSLgV8p5FzfnqlEk4GzxE,Closer,https://open.spotify.com/album/0rSLgV8p5FzfnqlEk4GzxE
Album,16,7oiJYvEJHsmYtrgviAVIBD,Back from the Edge,https://open.spotify.com/album/7oiJYvEJHsmYtrgviAVIBD
Album,17,10zzZKbhX31DqzW71euXgY,Fireflies,https://open.spotify.com/album/10zzZKbhX31DqzW71euXgY
Album,18,4AabsQ6plH3OmdE6BWI04j,rockstar,https://open.spotify.com/album/4AabsQ6plH3OmdE6BWI04j
Album,19,4JPguzRps3kuWDD5GS6oXr,Memories...Do Not Open,https://open.spotify.com/album/4JPguzRps3kuWDD5GS6oXr
Album,20,6rIbiUMmZJfqJRnXhVxFvg,Dream Your Life Away,https://open.spotify.com/album/6rIbiUMmZJfqJRnXhVxFvg
Album,21,7xV2TzoaVc0ycW7fwBwAml,Fine Line,https://open.spotify.com/album/7xV2TzoaVc0ycW7fwBwAml
Album,22,6FXm77YHfWiaBxV4WCGxYS,Invisible,https://open.spotify.com/album/6FXm77YHfWiaBxV4WCGxYS
Album,23,2ZaX1FdZCwchXl1QZiD4O4,Señorita,https://open.spotify.com/album/2ZaX1FdZCwchXl1QZiD4O4
Album,24,6bcl0ZcPJWJtyuRsOyhvfv,Hozier (Special Edition),https://open.spotify.com/album/6bcl0ZcPJWJtyuRsOyhvfv
Album,25,0Gf1yE895FKK4YWVRuAeg8,Long Way Down (Deluxe),https://open.spotify.com/album/0Gf1yE895FKK4YWVRuAeg8
Album,26,78bpIziExqiI9qztvNFlQu,AM,https://open.spotify.com/album/78bpIziExqiI9qztvNFlQu
Album,27,6ZG5lRT77aJ3btmArcykra,Parachutes,https://open.spotify.com/album/6ZG5lRT77aJ3btmArcykra
Album,28,1Cm6wsvnTlOXrfI9PkD8i4,Native,https://open.spotify.com/album/1Cm6wsvnTlOXrfI9PkD8i4
Album,29,2aomDtUKVX9XtrplU8d5l1,Necromancer,https://open.spotify.com/album/2aomDtUKVX9XtrplU8d5l1
Album,30,7fJJK56U9fHixgO0HQkhtI,Future Nostalgia,https://open.spotify.com/album/7fJJK56U9fHixgO0HQkhtI
Album,31,4sD1qg4jwTZR4mvR4Iflk5,Strange Trails,https://open.spotify.com/album/4sD1qg4jwTZR4mvR4Iflk5
Album,32,4CR3KIbpbqHvuWSlTwSjsB,Echo,https://open.spotify.com/album/4CR3KIbpbqHvuWSlTwSjsB
Album,33,1xn54DMo2qIqBuMqHtUsFd,x (Deluxe Edition),https://open.spotify.com/album/1xn54DMo2qIqBuMqHtUsFd
Album,34,1bF1JlEtYb0JGGZqsZ6Ka8,Self Sabotage,https://open.spotify.com/album/1bF1JlEtYb0JGGZqsZ6Ka8
Album,35,6tkjU4Umpo79wwkgPMV3nZ,Goodbye & Good Riddance,https://open.spotify.com/album/6tkjU4Umpo79wwkgPMV3nZ
Album,36,1NAmidJlEaVgA3MpcPFYGq,Lover,https://open.spotify.com/album/1NAmidJlEaVgA3MpcPFYGq
Album,37,76FXHQhTuT4QMIxfL09gX8,The Heist,https://open.spotify.com/album/76FXHQhTuT4QMIxfL09gX8
Album,38,42WVQWuf1teDysXiOupIZt,Birds In The Trap Sing McKnight,https://open.spotify.com/album/42WVQWuf1teDysXiOupIZt
Album,39,4lXJY9qtC84HNxtsaufwdq,Forget July,https://open.spotify.com/album/4lXJY9qtC84HNxtsaufwdq
Album,40,4g1ZRSobMefqF6nelkgibi,Hollywood's Bleeding,https://open.spotify.com/album/4g1ZRSobMefqF6nelkgibi
Album,41,1GbtB4zTqAsyfZEsm1RZfx,A Night At The Opera (2011 Remaster),https://open.spotify.com/album/1GbtB4zTqAsyfZEsm1RZfx
Album,42,2YDNDwQvsU0njt7Kq0xNRY,Scary Hours,https://open.spotify.com/album/2YDNDwQvsU0njt7Kq0xNRY
Album,43,4ZxVPPtv67RVev1MzTTmsq,JEKYLL & HYDE,https://open.spotify.com/album/4ZxVPPtv67RVev1MzTTmsq
Album,45,7fZH0aUAjY3ay25obOUf2a,Purpose (Deluxe),https://open.spotify.com/album/7fZH0aUAjY3ay25obOUf2a
Album,46,2ODvWsOgouMbaA5xf0RkJe,Starboy,https://open.spotify.com/album/2ODvWsOgouMbaA5xf0RkJe
Album,47,4sLtOBOzn4s3GDUv3c5oJD,A Star Is Born Soundtrack,https://open.spotify.com/album/4sLtOBOzn4s3GDUv3c5oJD
Album,49,0mGCuNJL25crQNBhV4SgeB,Mr. Jazzman,https://open.spotify.com/album/0mGCuNJL25crQNBhV4SgeB
Album,50,4OTAx9un4e6NfoHuVRiOrC,Love In The Future (Expanded Edition),https://open.spotify.com/album/4OTAx9un4e6NfoHuVRiOrC
Album,52,1CEODgTmTwLyabvwd7HBty,Viva La Vida or Death and All His Friends,https://open.spotify.com/album/1CEODgTmTwLyabvwd7HBty
Album,53,6J84szYCnMfzEcvIcfWMFL,Doo-Wops & Hooligans,https://open.spotify.com/album/6J84szYCnMfzEcvIcfWMFL
Album,54,685l2yxmxKUjut2YLhrCQS,Break Me,https://open.spotify.com/album/685l2yxmxKUjut2YLhrCQS
Album,55,02h9kO2oLKnLtycgbElKsw,True,https://open.spotify.com/album/02h9kO2oLKnLtycgbElKsw
Album,56,1vAEF8F0HoRFGiYOEeJXHW,Night Visions (Deluxe),https://open.spotify.com/album/1vAEF8F0HoRFGiYOEeJXHW
Album,57,28ZKQMoNBB0etKXZ97G2SN,Beauty Behind The Madness,https://open.spotify.com/album/28ZKQMoNBB0etKXZ97G2SN
Album,58,4GzBMBjuo9T3N1Qe3xeAlc,Love It All Out (Initial Talk Remix),https://open.spotify.com/album/4GzBMBjuo9T3N1Qe3xeAlc
Album,59,3cQO7jp5S9qLBoIVtbkSM1,Blurryface,https://open.spotify.com/album/3cQO7jp5S9qLBoIVtbkSM1
Album,60,4xWulj18AGahlyuZPulaGe,Unorthodox Jukebox,https://open.spotify.com/album/4xWulj18AGahlyuZPulaGe
Album,62,7nvfAzEomWZ6vFVTV1z3bb,Marionette,https://open.spotify.com/album/7nvfAzEomWZ6vFVTV1z3bb
Album,63,7wbJhbCvhPfbK1CLAkpq25,DAMN.,https://open.spotify.com/album/7wbJhbCvhPfbK1CLAkpq25
Album,64,4PgleR09JVnm3zY1fW3XBA,24K Magic,https://open.spotify.com/album/4PgleR09JVnm3zY1fW3XBA
Album,65,2cWBwpqMsDJC1ZUwz813lo,The Eminem Show,https://open.spotify.com/album/2cWBwpqMsDJC1ZUwz813lo
Album,66,4piJq7R3gjUOxnYs6lDCTg,Hot Fuss,https://open.spotify.com/album/4piJq7R3gjUOxnYs6lDCTg
Album,67,5W9OT0a5iZlBr83a9WMKFY,Synchronicity (Remastered 2003),https://open.spotify.com/album/5W9OT0a5iZlBr83a9WMKFY
Album,68,0UMMIkurRUmkruZ3KGBLtG,2014 Forest Hills Drive,https://open.spotify.com/album/0UMMIkurRUmkruZ3KGBLtG
Album,69,6KNlwz1Efng0wcKmTuSCc2,Sugar,https://open.spotify.com/album/6KNlwz1Efng0wcKmTuSCc2
Album,71,3CjuTytLZz3G9znXt2rJgU,SHADYXV,https://open.spotify.com/album/3CjuTytLZz3G9znXt2rJgU
Album,72,2mylGx7w2Q3yhUyN8iEWOF,All The Little Lights,https://open.spotify.com/album/2mylGx7w2Q3yhUyN8iEWOF
Album,74,18cO5EYvLJBbUtdZPGSlSs,Vybez,https://open.spotify.com/album/18cO5EYvLJBbUtdZPGSlSs
Album,75,6hPkbAV3ZXpGZBGUvL6jVM,Hybrid Theory (Bonus Edition),https://open.spotify.com/album/6hPkbAV3ZXpGZBGUvL6jVM
Album,76,5DvJgsMLbaR1HmAI6VhfcQ,Endless Summer Vacation,https://open.spotify.com/album/5DvJgsMLbaR1HmAI6VhfcQ
Album,77,4c2p3TdN7NcQfCXyueCNnC,Jungle Rules,https://open.spotify.com/album/4c2p3TdN7NcQfCXyueCNnC
Album,78,6s84u2TUpR3wdUv4NgKA2j,SOUR,https://open.spotify.com/album/6s84u2TUpR3wdUv4NgKA2j
Album,79,3wBabo4pmzsYjALMSKY7Iq,Illuminate (Deluxe),https://open.spotify.com/album/3wBabo4pmzsYjALMSKY7Iq
Album,80,02sEJTj1sye1JaqxqpcSCp,Encore,https://open.spotify.com/album/02sEJTj1sye1JaqxqpcSCp
Album,81,07w0rG5TETcyihsEIZR3qG,SOS,https://open.spotify.com/album/07w0rG5TETcyihsEIZR3qG
Album,82,7GEzhoTiqcPYkOprWQu581,One Kiss (with Dua Lipa),https://open.spotify.com/album/7GEzhoTiqcPYkOprWQu581
Album,85,78EicdHZr5XBWD7llEZ1Jh,Happier,https://open.spotify.com/album/78EicdHZr5XBWD7llEZ1Jh
Album,86,2Ti79nwTsont5ZHfdxIzAm,?,https://open.spotify.com/album/2Ti79nwTsont5ZHfdxIzAm
Album,88,5pfpXvoJtSIFrbPIoBEv3R,The Essential Journey,https://open.spotify.com/album/5pfpXvoJtSIFrbPIoBEv3R
Album,89,7wE2dxtyafB3J2Ciyjdana,Landed On The Boom,https://open.spotify.com/album/7wE2dxtyafB3J2Ciyjdana
Album,90,5VdyJkLe3yvOs0l4xXbWp0,17,https://open.spotify.com/album/5VdyJkLe3yvOs0l4xXbWp0
Album,91,2UJcKiJxNryhL050F5Z1Fk,Nevermind (Remastered),https://open.spotify.com/album/2UJcKiJxNryhL050F5Z1Fk
Album,92,41GuZcammIkupMPKH2OJ6I,ASTROWORLD,https://open.spotify.com/album/41GuZcammIkupMPKH2OJ6I
Album,93,5D8Rdb09BkmHscEGSWAlA6,Cold Heart (PNAU Remix),https://open.spotify.com/album/5D8Rdb09BkmHscEGSWAlA6
Album,94,733e1ZfktLSwj96X5rsMeE,Luv Is Rage 2,https://open.spotify.com/album/733e1ZfktLSwj96X5rsMeE
Album,95,2XBnxKeRZi76u2iyGcMych,Peace Is The Mission,https://open.spotify.com/album/2XBnxKeRZi76u2iyGcMych
Album,96,7aJuG4TFXa2hmE4z1yxc3n,HIT ME HARD AND SOFT,https://open.spotify.com/album/7aJuG4TFXa2hmE4z1yxc3n
Album,97,7lCcQQC9Ft1qD70ALZWocC,JUST RIGHT,https://open.spotify.com/album/7lCcQQC9Ft1qD70ALZWocC
Album,99,2u30gztZTylY4RG7IvfXs8,(What's The Story) Morning Glory?,https://open.spotify.com/album/2u30gztZTylY4RG7IvfXs8
Artist,0,1Xyo4u8uXC1ZmMpatF05PJ,The Weeknd,https://api.spotify.com/v1/artists/1Xyo4u8uXC1ZmMpatF05PJ
Artist,1,6eUKZXaKkcviH0Ku9w2n3V,Ed Sheeran,https://api.spotify.com/v1/artists/6eUKZXaKkcviH0Ku9w2n3V
Artist,2,4GNC7GD6oZMSxPGyXy4MNB,Lewis Capaldi,https://api.spotify.com/v1/artists/4GNC7GD6oZMSxPGyXy4MNB
Artist,4,4tZwfgrHOc3mvqYlEYSvVi,Daft Punk,https://api.spotify.com/v1/artists/4tZwfgrHOc3mvqYlEYSvVi
Artist,5,6KImCVD70vtIoJWnq6nGn3,Harry Styles,https://api.spotify.com/v1/artists/6KImCVD70vtIoJWnq6nGn3
Artist,6,246dkjvS1zLTtiykXe5h60,Post Malone,https://api.spotify.com/v1/artists/246dkjvS1zLTtiykXe5h60
Artist,7,1zNqQNIdeOUZHb8zbZRFMX,Swae Lee,https://api.spotify.com/v1/artists/1zNqQNIdeOUZHb8zbZRFMX
Artist,8,77SW9BnxLY8rJ0RciFqkHh,The Neighbourhood,https://api.spotify.com/v1/artists/77SW9BnxLY8rJ0RciFqkHh
Artist,9,3TVXtAsR1Inumwj472S9r4,Drake,https://api.spotify.com/v1/artists/3TVXtAsR1Inumwj472S9r4
Artist,10,3tVQdUvClmAT7URs9V3rsp,Wizkid,https://api.spotify.com/v1/artists/3tVQdUvClmAT7URs9V3rsp
Artist,11,6TK7fjRPdy2GW2pJzNF23L,Kyla,https://api.spotify.com/v1/artists/6TK7fjRPdy2GW2pJzNF23L
Artist,12,2tIP7SsRs7vjIcLrU85W8J,The Kid LAROI,https://api.spotify.com/v1/artists/2tIP7SsRs7vjIcLrU85W8J
Artist,13,1uNFoZAHBGtllmzznpCI3s,Justin Bieber,https://api.spotify.com/v1/artists/1uNFoZAHBGtllmzznpCI3s
Artist,14,53XhwfbYqKCa1cC15pYq2q,Imagine Dragons,https://api.spotify.com/v1/artists/53XhwfbYqKCa1cC15pYq2q
Artist,16,4yvcSjfu4PC0CYQyLy4wSq,Glass Animals,https://api.spotify.com/v1/artists/4yvcSjfu4PC0CYQyLy4wSq
Artist,17,6qqNVTkY8uBg9cP3Jd7DAH,Billie Eilish,https://api.spotify.com/v1/artists/6qqNVTkY8uBg9cP3Jd7DAH
Artist,18,6LuN9FCkKOj5PcnpouEgny,Khalid,https://api.spotify.com/v1/artists/6LuN9FCkKOj5PcnpouEgny
Artist,19,2NjfBq1NflQcKSeiDooVjY,Tones And I,https://api.spotify.com/v1/artists/2NjfBq1NflQcKSeiDooVjY
Artist,20,4AnulnIsdMeFSGN8FauJ8v,Band of Silver,https://api.spotify.com/v1/artists/4AnulnIsdMeFSGN8FauJ8v
Artist,21,69GGBxA162lTqCwzJG5jLp,The Chainsmokers,https://api.spotify.com/v1/artists/69GGBxA162lTqCwzJG5jLp
Artist,22,26VFTg2z8YR0cCuwLzESi2,Halsey,https://api.spotify.com/v1/artists/26VFTg2z8YR0cCuwLzESi2
Artist,23,4IWBUUAFIplrNtaOHcJPRM,James Arthur,https://api.spotify.com/v1/artists/4IWBUUAFIplrNtaOHcJPRM
Artist,24,1iQiTD3X6TmEBJbTR1jsRu,Antonin Herbeck,https://api.spotify.com/v1/artists/1iQiTD3X6TmEBJbTR1jsRu
Artist,25,7kl39NOBwBAEf9zWB6I0U5,Daemond,https://api.spotify.com/v1/artists/7kl39NOBwBAEf9zWB6I0U5
Artist,27,1URnnhqYAYcrqrcwql10ft,21 Savage,https://api.spotify.com/v1/artists/1URnnhqYAYcrqrcwql10ft
Artist,29,4gzpq5DPGxSnKTe4SA8HAU,Coldplay,https://api.spotify.com/v1/artists/4gzpq5DPGxSnKTe4SA8HAU
Artist,30,10exVja0key0uqUkk6LJRT,Vance Joy,https://api.spotify.com/v1/artists/10exVja0key0uqUkk6LJRT
Artist,32,0iOf7iRounvOdYNtp7Q3oR,Leonora Simmonds,https://api.spotify.com/v1/artists/0iOf7iRounvOdYNtp7Q3oR
Artist,33,7n2wHs1TKAczGzO7Dd2rGr,Shawn Mendes,https://api.spotify.com/v1/artists/7n2wHs1TKAczGzO7Dd2rGr
Artist,34,4nDoRrQiYLoBzwC5BhVJzF,Camila Cabello,https://api.spotify.com/v1/artists/4nDoRrQiYLoBzwC5BhVJzF
Artist,35,2FXC3k01G6Gw61bmprjgqS,Hozier,https://api.spotify.com/v1/artists/2FXC3k01G6Gw61bmprjgqS
Artist,36,2txHhyCwHjUEpJjWrEyqyX,Tom Odell,https://api.spotify.com/v1/artists/2txHhyCwHjUEpJjWrEyqyX
Artist,37,7Ln80lUS6He07XvHI8qqHH,Arctic Monkeys,https://api.spotify.com/v1/artists/7Ln80lUS6He07XvHI8qqHH
Artist,39,5Pwc4xIPtQLFEnJriah9YJ,OneRepublic,https://api.spotify.com/v1/artists/5Pwc4xIPtQLFEnJriah9YJ
Artist,41,6M2wZ9GZgrQXHCFfjv46we,Dua Lipa,https://api.spotify.com/v1/artists/6M2wZ9GZgrQXHCFfjv46we
Artist,42,6ltzsmQQbmdoHHbLZ4ZN25,Lord Huron,https://api.spotify.com/v1/artists/6ltzsmQQbmdoHHbLZ4ZN25
Artist,43,6Jsh7nTKdhKsVHP5zHooI0,Cwby,https://api.spotify.com/v1/artists/6Jsh7nTKdhKsVHP5zHooI0
Artist,45,4abnJNB1ZNdqTP8Q0zBbP7,BIRTHE,https://api.spotify.com/v1/artists/4abnJNB1ZNdqTP8Q0zBbP7
Artist,46,4MCBfE4596Uoi2O4DtmEMz,Juice WRLD,https://api.spotify.com/v1/artists/4MCBfE4596Uoi2O4DtmEMz
Artist,47,06HL4z0CvFAxyc27GXpf02,Taylor Swift,https://api.spotify.com/v1/artists/06HL4z0CvFAxyc27GXpf02
Artist,48,3JhNCzhSMTxs9WLGJJxWOY,Macklemore,https://api.spotify.com/v1/artists/3JhNCzhSMTxs9WLGJJxWOY
Artist,49,4myTppRgh0rojLxx8RycOp,Ryan Lewis,https://api.spotify.com/v1/artists/4myTppRgh0rojLxx8RycOp
Artist,50,6WLvgbfYXQPO396oJEYCsi,Macklemore & Ryan Lewis,https://api.spotify.com/v1/artists/6WLvgbfYXQPO396oJEYCsi
Artist,51,4e0nWw2r4BoQSKPQ2zpU13,Ray Dalton,https://api.spotify.com/v1/artists/4e0nWw2r4BoQSKPQ2zpU13
Artist,52,0Y5tJX1MQlPlqiwlOH1tJY,Travis Scott,https://api.spotify.com/v1/artists/0Y5tJX1MQlPlqiwlOH1tJY
Artist,53,7s6QINQAMIPJtlAK4lrKdx,Out in Front,https://api.spotify.com/v1/artists/7s6QINQAMIPJtlAK4lrKdx
Artist,55,1dfeR4HaWDbWqFHLkxsg1d,Queen,https://api.spotify.com/v1/artists/1dfeR4HaWDbWqFHLkxsg1d
Artist,57,3enznbGqfD27y42EipONeL,Sydney Gordon,https://api.spotify.com/v1/artists/3enznbGqfD27y42EipONeL
Artist,61,1HY2Jd0NmPuamShAr6KMms,Lady Gaga,https://api.spotify.com/v1/artists/1HY2Jd0NmPuamShAr6KMms
Artist,62,4VIvfOurcf0vuLRxLkGnIG,Bradley Cooper,https://api.spotify.com/v1/artists/4VIvfOurcf0vuLRxLkGnIG
Artist,64,0RXn4GE18ZYUPMpwzKM9R9,Sound vs Silence,https://api.spotify.com/v1/artists/0RXn4GE18ZYUPMpwzKM9R9
Artist,65,5y2Xq6xcjJb2jVM54GHK3t,John Legend,https://api.spotify.com/v1/artists/5y2Xq6xcjJb2jVM54GHK3t
Artist,68,0du5cEVh5yTK9QJze8zA0C,Bruno Mars,https://api.spotify.com/v1/artists/0du5cEVh5yTK9QJze8zA0C
Artist,69,1Zld0tqISRfaJYMHpcqiiJ,DNIE,https://api.spotify.com/v1/artists/1Zld0tqISRfaJYMHpcqiiJ
Artist,70,1vCWHaC5f2uS3yhpwWbIA6,Avicii,https://api.spotify.com/v1/artists/1vCWHaC5f2uS3yhpwWbIA6
Artist,73,7scMWGksw0YUGUVuewfyJo,Greg Gould,https://api.spotify.com/v1/artists/7scMWGksw0YUGUVuewfyJo
Artist,74,62WbvkXqQGvXQvw74GU3kQ,Morissette,https://api.spotify.com/v1/artists/62WbvkXqQGvXQvw74GU3kQ
Artist,75,0YQmcNgfnoqxBMJ8dcw3Eh,Initial Talk,https://api.spotify.com/v1/artists/0YQmcNgfnoqxBMJ8dcw3Eh
Artist,76,3YQKmKGau1PzlVlkL1iodx,Twenty One Pilots,https://api.spotify.com/v1/artists/3YQKmKGau1PzlVlkL1iodx
Artist,79,5whBm2Wk9GvITjOclp8nQX,Ava Della Pietra,https://api.spotify.com/v1/artists/5whBm2Wk9GvITjOclp8nQX
Artist,80,2YZyLoL8N0Wb9xBt1NhZWg,Kendrick Lamar,https://api.spotify.com/v1/artists/2YZyLoL8N0Wb9xBt1NhZWg
Artist,82,7dGJo4pcD2V6oG8kP0tJRR,Eminem,https://api.spotify.com/v1/artists/7dGJo4pcD2V6oG8kP0tJRR
Artist,83,0C0XlULifJtAgn6ZNCW2eu,The Killers,https://api.spotify.com/v1/artists/0C0XlULifJtAgn6ZNCW2eu
Artist,84,5NGO30tJxFlKixkPSgXcFE,The Police,https://api.spotify.com/v1/artists/5NGO30tJxFlKixkPSgXcFE
Artist,85,6l3HvQ5sa6mXTsMTB19rO5,J. Cole,https://api.spotify.com/v1/artists/6l3HvQ5sa6mXTsMTB19rO5
Artist,86,5WhXMSMSiOyEhXBNI6Lf2h,Mystic Marley,https://api.spotify.com/v1/artists/5WhXMSMSiOyEhXBNI6Lf2h
Artist,89,0gadJ2b9A4SKsB1RFkBb66,Passenger,https://api.spotify.com/v1/artists/0gadJ2b9A4SKsB1RFkBb66
Artist,90,66CXWjxzNUsdJxJ2JdwvnR,Ariana Grande,https://api.spotify.com/v1/artists/66CXWjxzNUsdJxJ2JdwvnR
Artist,91,67OBT9d5RT4CT8iUfmuth4,Mj Grizz,https://api.spotify.com/v1/artists/67OBT9d5RT4CT8iUfmuth4
Artist,92,2jku7tDXc6XoB6MO2hFuqg,Tory Lanez,https://api.spotify.com/v1/artists/2jku7tDXc6XoB6MO2hFuqg
Artist,93,6XyY86QOPPrYVGvF9ch6wz,Linkin Park,https://api.spotify.com/v1/artists/6XyY86QOPPrYVGvF9ch6wz
Artist,94,5YGY8feqx7naU7z4HrwZM6,Miley Cyrus,https://api.spotify.com/v1/artists/5YGY8feqx7naU7z4HrwZM6
Artist,95,6vXTefBL93Dj5IqAWq6OTv,French Montana,https://api.spotify.com/v1/artists/6vXTefBL93Dj5IqAWq6OTv
Artist,97,1McMsnEElThX1knmY4oliG,Olivia Rodrigo,https://api.spotify.com/v1/artists/1McMsnEElThX1knmY4oliG
Artist,99,540vIaP2JwjQb9dm3aArA4,DJ Snake,https://api.spotify.com/v1/artists/540vIaP2JwjQb9dm3aArA4
Artist,101,7tYKF4w9nC0nq9CsPZTHyP,SZA,https://api.spotify.com/v1/artists/7tYKF4w9nC0nq9CsPZTHyP
Artist,102,7CajNmpbOovFoOoasH2HaY,Calvin Harris,https://api.spotify.com/v1/artists/7CajNmpbOovFoOoasH2HaY
Artist,106,64KEffDW9EtZ1y2vBYgq8T,Marshmello,https://api.spotify.com/v1/artists/64KEffDW9EtZ1y2vBYgq8T
Artist,107,7EQ0qTo7fWT7DPxmxtSYEc,Bastille,https://api.spotify.com/v1/artists/7EQ0qTo7fWT7DPxmxtSYEc
Artist,108,15UsOTVnJzReFVN1VCnxy4,XXXTENTACION,https://api.spotify.com/v1/artists/15UsOTVnJzReFVN1VCnxy4
Artist,110,0rvjqX7ttXeg3mTy8Xscbt,Journey,https://api.spotify.com/v1/artists/0rvjqX7ttXeg3mTy8Xscbt
Artist,111,5MeDZHLUpPvuW2srTs167r,Marty Boombox,https://api.spotify.com/v1/artists/5MeDZHLUpPvuW2srTs167r
Artist,113,6olE6TJLqED3rqDCT0FyPh,Nirvana,https://api.spotify.com/v1/artists/6olE6TJLqED3rqDCT0FyPh
Artist,115,3PhoLpVuITZKcymswpck5b,Elton John,https://api.spotify.com/v1/artists/3PhoLpVuITZKcymswpck5b
Artist,117,6n28c9qs9hNGriNa72b26u,PNAU,https://api.spotify.com/v1/artists/6n28c9qs9hNGriNa72b26u
Artist,118,4O15NlyKLIASxsJ0PrXPfz,Lil Uzi Vert,https://api.spotify.com/v1/artists/4O15NlyKLIASxsJ0PrXPfz
Artist,119,738wLrAtLtCtFOLvQBXOXp,Major Lazer,https://api.spotify.com/v1/artists/738wLrAtLtCtFOLvQBXOXp
Artist,120,0bdfiayQAKewqEvaU6rXCv,MØ,https://api.spotify.com/v1/artists/0bdfiayQAKewqEvaU6rXCv
Artist,123,5YIiRsSWnafxIEmM0nsWOm,Paul James,https://api.spotify.com/v1/artists/5YIiRsSWnafxIEmM0nsWOm
Artist,124,38SHprY6NUd8O9LyWJ4hg4,RILEY,https://api.spotify.com/v1/artists/38SHprY6NUd8O9LyWJ4hg4
Artist,126,2DaxqgrOhkeH0fpeiQq2f4,Oasis,https://api.spotify.com/v1/artists/2DaxqgrOhkeH0fpeiQq2f4
Song,0,0VjIjW4GlUZAMYd2vXMi3b,Blinding Lights,https://open.spotify.com/track/0VjIjW4GlUZAMYd2vXMi3b
Song,1,7qiZfU4dY1lWllzX7mPBI3,Shape of You,https://open.spotify.com/track/7qiZfU4dY1lWllzX7mPBI3
Song,2,7qEHsqek33rTcFNT9PFqLf,Someone You Loved,https://open.spotify.com/track/7qEHsqek33rTcFNT9PFqLf
Song,3,5aAx2yezTd8zXrkmtKl66Z,Starboy,https://open.spotify.com/track/5aAx2yezTd8zXrkmtKl66Z
Song,4,4Dvkj6JhhA12EX05fT7y2e,As It Was,https://open.spotify.com/track/4Dvkj6JhhA12EX05fT7y2e
Song,5,3KkXRkHbMCARz0aVfEt68P,Sunflower - Spider-Man: Into the Spider-Verse,https://open.spotify.com/track/3KkXRkHbMCARz0aVfEt68P
Song,6,2QjOHCTQ1Jl3zawyYOpxh6,Sweater Weather,https://open.spotify.com/track/2QjOHCTQ1Jl3zawyYOpxh6
Song,7,1xznGGDReH1oQq0xzbwXa3,One Dance,https://open.spotify.com/track/1xznGGDReH1oQq0xzbwXa3
Song,8,5PjdY0CKGZdEuoNab3yDmX,STAY (with Justin Bieber),https://open.spotify.com/track/5PjdY0CKGZdEuoNab3yDmX
Song,9,0CcQNd8CINkwQfe1RDtGV6,Believer,https://open.spotify.com/track/0CcQNd8CINkwQfe1RDtGV6
Song,10,0tgVpDi06FyKpA1z0VMD4v,Perfect,https://open.spotify.com/track/0tgVpDi06FyKpA1z0VMD4v
Song,11,6CDzDgIUqeDY5g8ujExx2f,Heat Waves,https://open.spotify.com/track/6CDzDgIUqeDY5g8ujExx2f
Song,12,0u2P5u6lvoDfwTYjAADbn4,lovely (with Khalid),https://open.spotify.com/track/0u2P5u6lvoDfwTYjAADbn4
Song,13,2XU0oxnq2qxCpomAAuJY8K,Dance Monkey,https://open.spotify.com/track/2XU0oxnq2qxCpomAAuJY8K
Song,14,0HnEUKSPm0rarRwBi8P88o,Training Arc,https://open.spotify.com/track/0HnEUKSPm0rarRwBi8P88o
Song,15,7BKLCZ1jbUBVqRi2FVlTVw,Closer,https://open.spotify.com/track/7BKLCZ1jbUBVqRi2FVlTVw
Song,16,5uCax9HTNlzGybIStD3vDh,Say You Won't Let Go,https://open.spotify.com/track/5uCax9HTNlzGybIStD3vDh
Song,17,1kMYb79RkBzfapzk7714HO,Fireflies,https://open.spotify.com/track/1kMYb79RkBzfapzk7714HO
Song,18,7wGoVu4Dady5GV0Sv4UIsx,rockstar,https://open.spotify.com/track/7wGoVu4Dady5GV0Sv4UIsx
Song,19,6RUKPb4LETWmmr3iAEQktW,Something Just Like This,https://open.spotify.com/track/6RUKPb4LETWmmr3iAEQktW
Song,20,7yq4Qj7cqayVTp3FF9CWbm,Riptide,https://open.spotify.com/track/7yq4Qj7cqayVTp3FF9CWbm
Song,21,6UelLqGlWMcVH1E5c4H7lY,Watermelon Sugar,https://open.spotify.com/track/6UelLqGlWMcVH1E5c4H7lY
Song,22,5zwvPfEHlXIFIQoG8I3f7O,Invisible,https://open.spotify.com/track/5zwvPfEHlXIFIQoG8I3f7O
Song,23,0TK2YIli7K1leLovkQiNik,Señorita,https://open.spotify.com/track/0TK2YIli7K1leLovkQiNik
Song,24,2EiGECydkS2M8OCcRHQZhT,Take Me To Church,https://open.spotify.com/track/2EiGECydkS2M8OCcRHQZhT
Song,25,3JvKfv6T31zO0ini8iNItO,Another Love,https://open.spotify.com/track/3JvKfv6T31zO0ini8iNItO
Song,26,5XeFesFbtLpXzIVDNQP22n,I Wanna Be Yours,https://open.spotify.com/track/5XeFesFbtLpXzIVDNQP22n
Song,27,3AJwUDP919kvQ9QcozQPxg,Yellow,https://open.spotify.com/track/3AJwUDP919kvQ9QcozQPxg
Song,28,5edBgVtRD0fvWk140Sl21T,Counting Stars,https://open.spotify.com/track/5edBgVtRD0fvWk140Sl21T
Song,29,6dHFM8TPe90x7egKveFEaX,Necromancer,https://open.spotify.com/track/6dHFM8TPe90x7egKveFEaX
Song,30,3PfIrDoz19wz7qK7tYeu62,Don't Start Now,https://open.spotify.com/track/3PfIrDoz19wz7qK7tYeu62
Song,31,3hRV0jL3vUpRrcy398teAU,The Night We Met,https://open.spotify.com/track/3hRV0jL3vUpRrcy398teAU
Song,32,0JqR4UM29RE4MK3X465S6J,Echo,https://open.spotify.com/track/0JqR4UM29RE4MK3X465S6J
Song,33,1HNkqx9Ahdgi1Ixy2xkKkL,Photograph,https://open.spotify.com/track/1HNkqx9Ahdgi1Ixy2xkKkL
Song,34,6ykqMWrxdNeZ8N5ykjjgOe,Self Sabotage,https://open.spotify.com/track/6ykqMWrxdNeZ8N5ykjjgOe
Song,35,285pBltuF7vW8TeWk8hdRR,Lucid Dreams,https://open.spotify.com/track/285pBltuF7vW8TeWk8hdRR
Song,36,1BxfuPKGuaTgP7aM0Bbdwr,Cruel Summer,https://open.spotify.com/track/1BxfuPKGuaTgP7aM0Bbdwr
Song,37,3bidbhpOYeV4knp8AIu8Xn,Can't Hold Us (feat. Ray Dalton),https://open.spotify.com/track/3bidbhpOYeV4knp8AIu8Xn
Song,38,6gBFPUFcJLzWGx4lenP6h2,goosebumps,https://open.spotify.com/track/6gBFPUFcJLzWGx4lenP6h2
Song,39,4A6HdNcWu5tyVNgTdBPeD2,Forget July,https://open.spotify.com/track/4A6HdNcWu5tyVNgTdBPeD2
Song,40,21jGcNKet2qwijlDFuPiPb,Circles,https://open.spotify.com/track/21jGcNKet2qwijlDFuPiPb
Song,41,4u7EnebtmKWzUH433cf5Qv,Bohemian Rhapsody - Remastered 2011,https://open.spotify.com/track/4u7EnebtmKWzUH433cf5Qv
Song,42,6T8cJz5lAqGer9GUHGyelE,God's Plan,https://open.spotify.com/track/6T8cJz5lAqGer9GUHGyelE
Song,43,61VYQM9v3dyG8VeO0rXMWW,JEKYLL & HYDE,https://open.spotify.com/track/61VYQM9v3dyG8VeO0rXMWW
Song,44,34gCuhDGsG4bRPIf9bb02f,Thinking out Loud,https://open.spotify.com/track/34gCuhDGsG4bRPIf9bb02f
Song,45,3hB5DgAiMAQ4DzYbsMq1IT,Love Yourself,https://open.spotify.com/track/3hB5DgAiMAQ4DzYbsMq1IT
Song,46,2Ch7LmS7r2Gy2kc64wv3Bz,Die For You,https://open.spotify.com/track/2Ch7LmS7r2Gy2kc64wv3Bz
Song,47,2VxeLyX666F8uXCJ0dZF8B,Shallow,https://open.spotify.com/track/2VxeLyX666F8uXCJ0dZF8B
Song,48,2Fxmhks0bxGSBdJ92vM42m,bad guy,https://open.spotify.com/track/2Fxmhks0bxGSBdJ92vM42m
Song,49,7MkF90aj4SnmAsd13HbdRd,Mr. Jazzman,https://open.spotify.com/track/7MkF90aj4SnmAsd13HbdRd
Song,50,3U4isOIWM3VvDubwSI3y7a,All of Me,https://open.spotify.com/track/3U4isOIWM3VvDubwSI3y7a
Song,51,0tKcYR2II1VCQWT79i5NrW,Thunder,https://open.spotify.com/track/0tKcYR2II1VCQWT79i5NrW
Song,52,1mea3bSkSGXuIRvnydlB5b,Viva La Vida,https://open.spotify.com/track/1mea3bSkSGXuIRvnydlB5b
Song,53,47Slg6LuqLaX0VodpSCvPt,Just the Way You Are,https://open.spotify.com/track/47Slg6LuqLaX0VodpSCvPt
Song,54,6OVgTWr50WYPmugVqkDg3Q,Break Me,https://open.spotify.com/track/6OVgTWr50WYPmugVqkDg3Q
Song,55,6g1NlCpW7fgqDnWbCCDrHl,Wake Me Up - Radio Edit,https://open.spotify.com/track/6g1NlCpW7fgqDnWbCCDrHl
Song,56,2Oehrcv4Kov0SuIgWyQY9e,Demons,https://open.spotify.com/track/2Oehrcv4Kov0SuIgWyQY9e
Song,57,25khomWgBVamSdKw7hzm3l,The Hills,https://open.spotify.com/track/25khomWgBVamSdKw7hzm3l
Song,58,7qFEMXf4lVQ6N7suv3oN6s,Love It All Out - Initial Talk Remix,https://open.spotify.com/track/7qFEMXf4lVQ6N7suv3oN6s
Song,59,3CRDbSIZ4r5MsZ0YwxuEkn,Stressed Out,https://open.spotify.com/track/3CRDbSIZ4r5MsZ0YwxuEkn
Song,60,0B7wvvmu9EISAwZnOpjhNI,When I Was Your Man,https://open.spotify.com/track/0B7wvvmu9EISAwZnOpjhNI
Song,61,5g7sDjBhZ4I3gcFIpkrLuI,Locked out of Heaven,https://open.spotify.com/track/5g7sDjBhZ4I3gcFIpkrLuI
Song,62,2JqNNFjlDJfIPNASjTvJ72,Marionette,https://open.spotify.com/track/2JqNNFjlDJfIPNASjTvJ72
Song,63,7ujx3NYtwO2LkmKGz59mXp,HUMBLE.,https://open.spotify.com/track/7ujx3NYtwO2LkmKGz59mXp
Song,64,0KKkJNfGyhkQ5aFogxQAPU,That's What I Like,https://open.spotify.com/track/0KKkJNfGyhkQ5aFogxQAPU
Song,65,7lQ8MOhq6IN2w8EYcFNSUk,Without Me,https://open.spotify.com/track/7lQ8MOhq6IN2w8EYcFNSUk
Song,66,003vvx7Niy0yvhvHt4a68B,Mr. Brightside,https://open.spotify.com/track/003vvx7Niy0yvhvHt4a68B
Song,67,1JSTJqkT5qHq8MDJnJbRE1,Every Breath You Take,https://open.spotify.com/track/1JSTJqkT5qHq8MDJnJbRE1
Song,68,68Dni7IE4VyPkTOH9mRWHr,No Role Modelz,https://open.spotify.com/track/68Dni7IE4VyPkTOH9mRWHr
Song,69,31TmEDn1G4R0H5O0J5TJvs,Sugar,https://open.spotify.com/track/31TmEDn1G4R0H5O0J5TJvs
Song,70,5FVd6KXrgO9B3JPmC8OPst,Do I Wanna Know?,https://open.spotify.com/track/5FVd6KXrgO9B3JPmC8OPst
Song,71,7MJQ9Nfxzh8LPZ9e9u68Fq,Lose Yourself,https://open.spotify.com/track/7MJQ9Nfxzh8LPZ9e9u68Fq
Song,72,7DFNE7NO0raLIUbgzY2rzm,Let Her Go,https://open.spotify.com/track/7DFNE7NO0raLIUbgzY2rzm
Song,73,6ocbgoVGwYJhOv1GgI9NsF,7 rings,https://open.spotify.com/track/6ocbgoVGwYJhOv1GgI9NsF
Song,74,20hybmXCYRuRJfB6T7idxd,Vybez,https://open.spotify.com/track/20hybmXCYRuRJfB6T7idxd
Song,75,60a0Rd6pjrkxjPbaKzXjfq,In the End,https://open.spotify.com/track/60a0Rd6pjrkxjPbaKzXjfq
Song,76,7DSAEUvxU8FajXtRloy8M0,Flowers,https://open.spotify.com/track/7DSAEUvxU8FajXtRloy8M0
Song,77,3B54sVLJ402zGa6Xm4YGNe,Unforgettable,https://open.spotify.com/track/3B54sVLJ402zGa6Xm4YGNe
Song,78,5wANPM4fQCJwkGd4rN57mH,drivers license,https://open.spotify.com/track/5wANPM4fQCJwkGd4rN57mH
Song,79,48DKpTEVJ2pAjxQbWTad3q,Treat You Better,https://open.spotify.com/track/48DKpTEVJ2pAjxQbWTad3q
Song,80,0lYBSQXN6rCTvUZvg9S0lU,Let Me Love You,https://open.spotify.com/track/0lYBSQXN6rCTvUZvg9S0lU
Song,81,3OHfY25tqY28d16oZczHc8,Kill Bill,https://open.spotify.com/track/3OHfY25tqY28d16oZczHc8
Song,82,7ef4DlsgrMEH11cDZd32M6,One Kiss (with Dua Lipa),https://open.spotify.com/track/7ef4DlsgrMEH11cDZd32M6
Song,83,4ZtFanR9U6ndgddUvNcjcG,good 4 u,https://open.spotify.com/track/4ZtFanR9U6ndgddUvNcjcG
Song,84,69bp2EbF7Q2rqc5N3ylezZ,Sorry,https://open.spotify.com/track/69bp2EbF7Q2rqc5N3ylezZ
Song,85,2dpaYNEQHiRxtZbfNsse99,Happier,https://open.spotify.com/track/2dpaYNEQHiRxtZbfNsse99
Song,86,3ee8Jmje8o58CHK66QrVC2,SAD!,https://open.spotify.com/track/3ee8Jmje8o58CHK66QrVC2
Song,87,7JJmb5XwzOO8jgpou264Ml,There's Nothing Holdin' Me Back,https://open.spotify.com/track/7JJmb5XwzOO8jgpou264Ml
Song,88,77NNZQSqzLNqh2A9JhLRkg,Don't Stop Believin',https://open.spotify.com/track/77NNZQSqzLNqh2A9JhLRkg
Song,89,6dAuYcpM4ETVoFz41PYc0s,One More Night,https://open.spotify.com/track/6dAuYcpM4ETVoFz41PYc0s
Song,90,7m9OqQk4RVRkw9JJdeAw96,Jocelyn Flores,https://open.spotify.com/track/7m9OqQk4RVRkw9JJdeAw96
Song,91,4CeeEOM32jQcH3eN9Q2dGj,Smells Like Teen Spirit,https://open.spotify.com/track/4CeeEOM32jQcH3eN9Q2dGj
Song,92,2xLMifQCjDGFmkHkpNLD9h,SICKO MODE,https://open.spotify.com/track/2xLMifQCjDGFmkHkpNLD9h
Song,93,6zSpb8dQRaw0M1dK8PBwQz,Cold Heart - PNAU Remix,https://open.spotify.com/track/6zSpb8dQRaw0M1dK8PBwQz
Song,94,7GX5flRQZVHRAGd6B4TmDO,XO Tour Llif3,https://open.spotify.com/track/7GX5flRQZVHRAGd6B4TmDO
Song,95,4WjH9Bzt3kx7z8kl0awxh4,Lean On (feat. MØ & DJ Snake),https://open.spotify.com/track/4WjH9Bzt3kx7z8kl0awxh4
Song,96,6dOtVTDdiauQNBQEDOtlAB,BIRDS OF A FEATHER,https://open.spotify.com/track/6dOtVTDdiauQNBQEDOtlAB
Song,97,0V9qxaA0KkXeJqNEaj6dJC,JUST RIGHT,https://open.spotify.com/track/0V9qxaA0KkXeJqNEaj6dJC
Song,98,5QO79kh1waicV47BqGRL3g,Save Your Tears,https://open.spotify.com/track/5QO79kh1waicV47BqGRL3g
Song,99,1qPbGZqppFwLwcBC1JQ6Vr,Wonderwall,https://open.spotify.com/track/1qPbGZqppFwLwcBC1JQ6Vr
